<?xml version="1.0" encoding="UTF-8"?>
<beans xmlns="http://www.springframework.org/schema/beans"
	xmlns:xsi="http://www.w3.org/2001/XMLSchema-instance"
	xsi:schemaLocation="http://www.springframework.org/schema/beans http://www.springframework.org/schema/beans/spring-beans.xsd">

	<bean id="simpleExample" class="com.infiniteskills.spring.BeanA">
		<constructor-arg name="value" value="Test"/>
	</bean>
	
	<bean id="typeExample" class="com.infiniteskills.spring.BeanA">
		<constructor-arg type="int">
			<value>2</value>
		</constructor-arg>
	</bean>
	
	<bean id="beanB" class="com.infiniteskills.spring.BeanB"/>
	
	<bean id="refExample" class="com.infiniteskills.spring.BeanA">
		<constructor-arg name="beanB" ref="beanB"/>
	</bean>
	
	<bean id="innerBeanExample" class="com.infiniteskills.spring.BeanA">
		<constructor-arg index="0">
			<bean class="com.infiniteskills.spring.BeanB"/>
		</constructor-arg>
	</bean>
	
	<bean id="twoArgumentIndexExample" class="com.infiniteskills.spring.BeanA">
		<constructor-arg index="0" value="Bowersox"/>
		<constructor-arg index="1" value="Kevin"/>
	</bean>
	
</beans>
