<definitions xmlns:wsu="http://docs.oasis-open.org/wss/2004/01/oasis-200401-wss-wssecurity-utility-1.0.xsd"
	     xmlns:wsp="http://www.w3.org/ns/ws-policy"
	     xmlns:wsp1_2="http://schemas.xmlsoap.org/ws/2004/09/policy"
	     xmlns:wsam="http://www.w3.org/2007/05/addressing/metadata"
	     xmlns:soap="http://schemas.xmlsoap.org/wsdl/soap/"
	     xmlns:tns="http://rand/"
	     xmlns:xsd="http://www.w3.org/2001/XMLSchema"
	     xmlns="http://schemas.xmlsoap.org/wsdl/"
	     targetNamespace="http://rand/"
	     name="RandServiceService">
  <types>
    <xsd:schema>
      <xsd:import namespace="http://rand/"
		  schemaLocation="http://localhost:8080/rand?xsd=1" />
    </xsd:schema>
  </types>
  <message name="nextN">
    <part name="parameters"
	  element="tns:nextN" />
  </message>
  <message name="nextNResponse">
    <part name="parameters"
	  element="tns:nextNResponse" />
  </message>
  <!-- ... -->
  
  <portType name="RandService">
    <operation name="nextN">
      <input wsam:Action="http://rand/RandService/nextNRequest"
	     message="tns:nextN" />
      <output wsam:Action="http://rand/RandService/nextNResponse"
	      message="tns:nextNResponse" />
    </operation>
    <!-- ... -->
  </portType>
  
  <binding name="RandServicePortBinding" type="tns:RandService">
    <soap:binding transport="http://schemas.xmlsoap.org/soap/http"
		  style="document" />
    <!-- ... -->
  </binding>
  
  <service name="RandServiceService">
    <port name="RandServicePort" binding="tns:RandServicePortBinding">
      <soap:address location="http://localhost:8080/rand" />
    </port>
  </service>
</definitions>
