<?xml version="1.0" encoding="UTF-8"?>
<beans xmlns="http://www.springframework.org/schema/beans"
	xmlns:xsi="http://www.w3.org/2001/XMLSchema-instance"
	xmlns:context="http://www.springframework.org/schema/context"
	xmlns:jpa="http://www.springframework.org/schema/data/jpa"
	xmlns:repository="http://www.springframework.org/schema/data/repository"
	xmlns:tx="http://www.springframework.org/schema/tx"
	xsi:schemaLocation="http://www.springframework.org/schema/data/repository http://www.springframework.org/schema/data/repository/spring-repository-1.6.xsd
		http://www.springframework.org/schema/beans http://www.springframework.org/schema/beans/spring-beans.xsd
		http://www.springframework.org/schema/data/jpa http://www.springframework.org/schema/data/jpa/spring-jpa-1.3.xsd
		http://www.springframework.org/schema/tx http://www.springframework.org/schema/tx/spring-tx-3.1.xsd
		http://www.springframework.org/schema/context http://www.springframework.org/schema/context/spring-context-4.0.xsd">

	<bean id="entityManagerFactory" class="org.springframework.orm.jpa.LocalContainerEntityManagerFactoryBean">
		<property name="dataSource" ref="datasource"/>
		<property name="persistenceUnitName" value="spring-examples"/>
		<property name="packagesToScan" value="com.infiniteskills.spring.data"/>
		<property name="jpaVendorAdapter">
			<bean class="org.springframework.orm.jpa.vendor.HibernateJpaVendorAdapter">
				<property name="showSql" value="true"/>
				<property name="database" value="MYSQL"/>
			</bean>
		</property>
	</bean>
	
	<bean id="transactionManager" class="org.springframework.orm.jpa.JpaTransactionManager">
		<property name="entityManagerFactory" ref="entityManagerFactory"/>
	</bean>
	
	<tx:annotation-driven/>
	
	<jpa:repositories base-package="com.infiniteskills.spring.data.repositories"/>
		
	<bean id="datasource" class="org.apache.commons.dbcp.BasicDataSource">
		<property name="url" value="jdbc:mysql://localhost:3306/practice"/>
		<property name="username" value="spring"/>
		<property name="password" value="spring"/>
		<property name="driverClassName" value="com.mysql.jdbc.Driver"/>
	</bean>
	
	<context:component-scan base-package="com.infiniteskills.spring.data"/>
</beans>
