<?xml version="1.0" encoding="UTF-8"?>
<beans xmlns="http://www.springframework.org/schema/beans"
	xmlns:xsi="http://www.w3.org/2001/XMLSchema-instance"
	xmlns:util="http://www.springframework.org/schema/util"
	xmlns:context="http://www.springframework.org/schema/context"
	xsi:schemaLocation="http://www.springframework.org/schema/beans http://www.springframework.org/schema/beans/spring-beans.xsd
		http://www.springframework.org/schema/util http://www.springframework.org/schema/util/spring-util-4.0.xsd
		http://www.springframework.org/schema/context http://www.springframework.org/schema/context/spring-context-4.0.xsd">

	<context:annotation-config/>
	
	<bean id="beanA" class="com.infiniteskills.spring.BeanA"/>

	<bean id="beanB" class="com.infiniteskills.spring.BeanB"/>

	<bean id="beanC" class="com.infiniteskills.spring.BeanC"/>

	<bean id="beanD" class="com.infiniteskills.spring.BeanD">
		<property name="myProperty" value="Test1"></property>
	</bean>
	
</beans>
