<?xml version="1.0" encoding="UTF-8"?>
<beans xmlns="http://www.springframework.org/schema/beans"
	xmlns:xsi="http://www.w3.org/2001/XMLSchema-instance"
	xsi:schemaLocation="http://www.springframework.org/schema/beans http://www.springframework.org/schema/beans/spring-beans.xsd">

	<bean id="digitalMediaLocator" class="com.infiniteskills.spring.di.DigitalMediaLocator"/>
	
	<bean id="digitalMediaRentalService" class="com.infiniteskills.spring.di.RentalService">
		<constructor-arg ref="digitalMediaLocator"/>
	</bean>
		
	<bean id="kioskLocator" class="com.infiniteskills.spring.di.KioskLocator">
		<constructor-arg value="key"/>
	</bean>

	<bean id="rentalService" class="com.infiniteskills.spring.di.RentalService">
		<constructor-arg ref="kioskLocator"/>
	</bean>
</beans>
