<?xml version="1.0" encoding="UTF-8"?>
<beans xmlns="http://www.springframework.org/schema/beans"
	xmlns:xsi="http://www.w3.org/2001/XMLSchema-instance" xmlns:mvc="http://www.springframework.org/schema/mvc"
	xmlns:context="http://www.springframework.org/schema/context"
	xsi:schemaLocation="http://www.springframework.org/schema/mvc http://www.springframework.org/schema/mvc/spring-mvc-4.1.xsd
		http://www.springframework.org/schema/beans http://www.springframework.org/schema/beans/spring-beans.xsd
		http://www.springframework.org/schema/context http://www.springframework.org/schema/context/spring-context-4.1.xsd">

	<mvc:annotation-driven />
	<context:component-scan base-package="com.infiniteskills.mvc.controllers" />
	<context:component-scan base-package="com.infiniteskills.mvc.resolvers" />

	<bean
		class="org.springframework.web.servlet.view.ContentNegotiatingViewResolver">
		<property name="viewResolvers">
			<list>
				<bean id="viewResolver"
					class="org.springframework.web.servlet.view.InternalResourceViewResolver">
					<property name="prefix" value="/WEB-INF/views/" />
					<property name="suffix" value=".jsp" />
				</bean>

				<bean class="org.springframework.web.servlet.view.XmlViewResolver">
					<property name="location" value="/WEB-INF/spring/views.xml" />
					<property name="order" value="1" />
				</bean>
			</list>
		</property>
		<property name="contentNegotiationManager">
			<bean class="org.springframework.web.accept.ContentNegotiationManager">
				<constructor-arg>
					<bean class="org.springframework.web.accept.PathExtensionContentNegotiationStrategy">
						<constructor-arg>
							<map>
								<entry key="json" value="application/json" />
								<entry key="xml" value="application/xml" />
							</map>
						</constructor-arg>
					</bean>
				</constructor-arg>
			</bean>
		</property>
		<property name="defaultViews">
			<list>
				<bean class="org.springframework.web.servlet.view.json.MappingJackson2JsonView"/>
			</list>
		</property>
	</bean>

	<mvc:resources location="/resources/" mapping="/resources/**"></mvc:resources>
</beans>
