<?xml version="1.0" encoding="UTF-8"?>
<beans xmlns="http://www.springframework.org/schema/beans"
	xmlns:xsi="http://www.w3.org/2001/XMLSchema-instance" xmlns:context="http://www.springframework.org/schema/context"
	xsi:schemaLocation="http://www.springframework.org/schema/beans http://www.springframework.org/schema/beans/spring-beans.xsd
		http://www.springframework.org/schema/context http://www.springframework.org/schema/context/spring-context-4.0.xsd">

	<beans profile="DEV">
		<bean id="beanA" class="com.infiniteskills.spring.BeanA">
			<property name="configParameter" value="DEV" />
		</bean>
	</beans>
	
	<beans profile="TEST">
		<bean id="beanA" class="com.infiniteskills.spring.BeanA">
			<property name="configParameter" value="TEST" />
		</bean>
	</beans>
	
	<beans profile="PROD">
		<bean id="beanA" class="com.infiniteskills.spring.BeanA">
			<property name="configParameter" value="PROD" />
		</bean>
	</beans>

</beans>
